Row Labels,Average of Results Quality,Average of Duration
"cosine anchor, text_weight = 1, title_weight =0.6, anchor_weight = 0.4,pr_weight = 0.3,pv_weight = 0.1",0.211233333,2.615177759
"CSanchor BMtitle, text_weight = 1, title_weight =0.6, anchor_weight = 0.4,pr_weight = 0.5,pv_weight = 0.15",0.211233333,2.546432813
"CSanchor BMtitle, text_weight = 1.5, title_weight =0.6, anchor_weight = 0.1,pr_weight = 0.2,pv_weight = 0.5",0.291133333,2.520873229
"CSanchor BMtitle, text_weight, c200 = 1.5, title_weight =0.6, anchor_weight = 0.1,pr_weight = 0.2,pv_weight = 0.5",0.2833,2.676374237
"NO anchor BMtitle k=1, text_weight, c200 = 1.5, title_weight =0.6, anchor_weight = 0,pr_weight = 0.4,pv_weight = 0.5",0.291433333,1.690737343
"NO anchor BMtitle k=1.5, b = 0.2, text_weight, c200 = 1.5, title_weight =0.6, anchor_weight = 0,pr_weight = 0.4,pv_weight = 0.5",0.2858,1.671476007
"NO anchor BMtitle k=1.5, b = 0.4, text_weight, c200 = 1.5, title_weight =0.6, anchor_weight = 0,pr_weight = 0.4,pv_weight = 0.5",0.291833333,1.673191881
"NO anchor BMtitle k=1.5, b = 0.6, text_weight, c200 = 1.5, title_weight =0.6, anchor_weight = 0,pr_weight = 0.4,pv_weight = 0.5",0.284133333,1.671208509
"NO anchor BMtitle k=1.5, text_weight, c200 = 1.5, title_weight =0.6, anchor_weight = 0,pr_weight = 0.4,pv_weight = 0.5",0.291433333,1.709024016
"NO anchor BMtitle, text_weight, c200 = 1.5, title_weight =0.6, anchor_weight = 0,pr_weight = 0.4,pv_weight = 0.5",0.290733333,1.722852421
"text_weight = 0.65, title_weight =0.25, anchor_weight = 0.1,pr_weight = 1,pv_weight = 1",0.168016667,2.145554141
"text_weight = 0.8, title_weight =0.2, anchor_weight = 0.5,pr_weight = 1,pv_weight = 2",0.155666667,2.072227446
"text_weight = 0.8, title_weight =0.25, anchor_weight = 0.1,pr_weight = 1,pv_weight = 1",0.175566667,2.115551964
"text_weight = 0.8, title_weight =0.25, anchor_weight = 0.5,pr_weight = 2,pv_weight = 1",0.1171,2.075801714
"text_weight = 1, title_weight =0.2, anchor_weight = 0.4,pr_weight = 0.4,pv_weight = 0.2",0.103408333,2.38268472
"text_weight = 1, title_weight =0.2, anchor_weight = 0.5,pr_weight = 1,pv_weight = 1",0.164433333,2.045891301
"text_weight = 1, title_weight =0.6, anchor_weight = 0.1,pr_weight = 1,pv_weight = 1",0.2288,2.037197169
"text_weight = 2, title_weight =0.2, anchor_weight = 0.1,pr_weight = 2,pv_weight = 1",0.163166667,2.052901646
Grand Total,0.200229167,2.118495654Human Genome Project DNA mapping,1.858259916305542,0.488,2025-01-26 14:15:48,"NO anchor BMtitle k=1.5, b = 0.6, text_weight, c200 = 1.5, title_weight =0.7, anchor_weight = 0,pr_weight = 0.4,pv_weight = 0.5"
Italian pasta varieties and recipes,1.5652270317077637,0.083,2025-01-26 14:15:48,"NO anchor BMtitle k=1.5, b = 0.6, text_weight, c200 = 1.5, title_weight =0.7, anchor_weight = 0,pr_weight = 0.4,pv_weight = 0.5"
Street food around the world,2.2699129581451416,0.092,2025-01-26 14:15:48,"NO anchor BMtitle k=1.5, b = 0.6, text_weight, c200 = 1.5, title_weight =0.7, anchor_weight = 0,pr_weight = 0.4,pv_weight = 0.5"
Surrealism art Salvador Dalí,1.6755712032318115,0.351,2025-01-26 14:15:48,"NO anchor BMtitle k=1.5, b = 0.6, text_weight, c200 = 1.5, title_weight =0.7, anchor_weight = 0,pr_weight = 0.4,pv_weight = 0.5"
Mediterranean diet health benefits,1.4879229068756104,0.25,2025-01-26 14:15:48,"NO anchor BMtitle k=1.5, b = 0.6, text_weight, c200 = 1.5, title_weight =0.7, anchor_weight = 0,pr_weight = 0.4,pv_weight = 0.5"
Civil Rights Movement 1960s protests,2.455414056777954,0.192,2025-01-26 14:15:48,"NO anchor BMtitle k=1.5, b = 0.6, text_weight, c200 = 1.5, title_weight =0.7, anchor_weight = 0,pr_weight = 0.4,pv_weight = 0.5"
Manhattan Project atomic bomb,1.2733588218688965,0.31,2025-01-26 14:15:48,"NO anchor BMtitle k=1.5, b = 0.6, text_weight, c200 = 1.5, title_weight =0.7, anchor_weight = 0,pr_weight = 0.4,pv_weight = 0.5"
Cheese types and production,1.3544809818267822,0.392,2025-01-26 14:15:48,"NO anchor BMtitle k=1.5, b = 0.6, text_weight, c200 = 1.5, title_weight =0.7, anchor_weight = 0,pr_weight = 0.4,pv_weight = 0.5"
Anime history Japan Studio Ghibli,1.8521692752838135,0.143,2025-01-26 14:15:48,"NO anchor BMtitle k=1.5, b = 0.6, text_weight, c200 = 1.5, title_weight =0.7, anchor_weight = 0,pr_weight = 0.4,pv_weight = 0.5"
Berlin Wall fall reunification,1.5644309520721436,0.09,2025-01-26 14:15:48,"NO anchor BMtitle k=1.5, b = 0.6, text_weight, c200 = 1.5, title_weight =0.7, anchor_weight = 0,pr_weight = 0.4,pv_weight = 0.5"
Sushi origins Japan,1.3560099601745605,0.139,2025-01-26 14:15:48,"NO anchor BMtitle k=1.5, b = 0.6, text_weight, c200 = 1.5, title_weight =0.7, anchor_weight = 0,pr_weight = 0.4,pv_weight = 0.5"
World War I causes consequences,2.8077492713928223,0.165,2025-01-26 14:15:48,"NO anchor BMtitle k=1.5, b = 0.6, text_weight, c200 = 1.5, title_weight =0.7, anchor_weight = 0,pr_weight = 0.4,pv_weight = 0.5"
Higgs Boson discovery physics,1.3202323913574219,0.326,2025-01-26 14:15:48,"NO anchor BMtitle k=1.5, b = 0.6, text_weight, c200 = 1.5, title_weight =0.7, anchor_weight = 0,pr_weight = 0.4,pv_weight = 0.5"
Golden Age of Hollywood films,2.5916643142700195,0.083,2025-01-26 14:15:48,"NO anchor BMtitle k=1.5, b = 0.6, text_weight, c200 = 1.5, title_weight =0.7, anchor_weight = 0,pr_weight = 0.4,pv_weight = 0.5"
Byzantine Empire Constantinople history,1.3511159420013428,0.529,2025-01-26 14:15:48,"NO anchor BMtitle k=1.5, b = 0.6, text_weight, c200 = 1.5, title_weight =0.7, anchor_weight = 0,pr_weight = 0.4,pv_weight = 0.5"
Turing Machine early computing,1.5591042041778564,0.306,2025-01-26 14:15:48,"NO anchor BMtitle k=1.5, b = 0.6, text_weight, c200 = 1.5, title_weight =0.7, anchor_weight = 0,pr_weight = 0.4,pv_weight = 0.5"
Theory of Relativity Einstein,1.0734429359436035,0.39,2025-01-26 14:15:48,"NO anchor BMtitle k=1.5, b = 0.6, text_weight, c200 = 1.5, title_weight =0.7, anchor_weight = 0,pr_weight = 0.4,pv_weight = 0.5"
Mobile phone technology evolution,1.5462677478790283,0.175,2025-01-26 14:15:48,"NO anchor BMtitle k=1.5, b = 0.6, text_weight, c200 = 1.5, title_weight =0.7, anchor_weight = 0,pr_weight = 0.4,pv_weight = 0.5"
History of chocolate production,1.01298189163208,0.177,2025-01-26 14:15:48,"NO anchor BMtitle k=1.5, b = 0.6, text_weight, c200 = 1.5, title_weight =0.7, anchor_weight = 0,pr_weight = 0.4,pv_weight = 0.5"
Apollo 11 moon landing 1969,1.6596558094024658,0.16,2025-01-26 14:15:48,"NO anchor BMtitle k=1.5, b = 0.6, text_weight, c200 = 1.5, title_weight =0.7, anchor_weight = 0,pr_weight = 0.4,pv_weight = 0.5"
Gothic architecture medieval cathedrals,1.398900032043457,0.629,2025-01-26 14:15:48,"NO anchor BMtitle k=1.5, b = 0.6, text_weight, c200 = 1.5, title_weight =0.7, anchor_weight = 0,pr_weight = 0.4,pv_weight = 0.5"
Russian Revolution 1917 Bolsheviks,1.4661548137664795,0.396,2025-01-26 14:15:48,"NO anchor BMtitle k=1.5, b = 0.6, text_weight, c200 = 1.5, title_weight =0.7, anchor_weight = 0,pr_weight = 0.4,pv_weight = 0.5"
Academy Awards history Oscars,2.2911553382873535,0.724,2025-01-26 14:15:48,"NO anchor BMtitle k=1.5, b = 0.6, text_weight, c200 = 1.5, title_weight =0.7, anchor_weight = 0,pr_weight = 0.4,pv_weight = 0.5"
Fermentation food preservation techniques,1.3604300022125244,0.255,2025-01-26 14:15:48,"NO anchor BMtitle k=1.5, b = 0.6, text_weight, c200 = 1.5, title_weight =0.7, anchor_weight = 0,pr_weight = 0.4,pv_weight = 0.5"
History of pizza Italian cuisine,1.1516380310058594,0.538,2025-01-26 14:15:48,"NO anchor BMtitle k=1.5, b = 0.6, text_weight, c200 = 1.5, title_weight =0.7, anchor_weight = 0,pr_weight = 0.4,pv_weight = 0.5"
French cuisine traditional dishes,1.455437183380127,0.224,2025-01-26 14:15:48,"NO anchor BMtitle k=1.5, b = 0.6, text_weight, c200 = 1.5, title_weight =0.7, anchor_weight = 0,pr_weight = 0.4,pv_weight = 0.5"
Endangered species conservation efforts,1.5813560485839844,0.268,2025-01-26 14:15:48,"NO anchor BMtitle k=1.5, b = 0.6, text_weight, c200 = 1.5, title_weight =0.7, anchor_weight = 0,pr_weight = 0.4,pv_weight = 0.5"
Greek mythology Western culture,1.6692259311676025,0.25,2025-01-26 14:15:48,"NO anchor BMtitle k=1.5, b = 0.6, text_weight, c200 = 1.5, title_weight =0.7, anchor_weight = 0,pr_weight = 0.4,pv_weight = 0.5"
Cold War proxy conflicts,1.9536478519439697,0.387,2025-01-26 14:15:48,"NO anchor BMtitle k=1.5, b = 0.6, text_weight, c200 = 1.5, title_weight =0.7, anchor_weight = 0,pr_weight = 0.4,pv_weight = 0.5"
Nelson Mandela apartheid biography,1.3978941440582275,0.231,2025-01-26 14:15:48,"NO anchor BMtitle k=1.5, b = 0.6, text_weight, c200 = 1.5, title_weight =0.7, anchor_weight = 0,pr_weight = 0.4,pv_weight = 0.5"
Human Genome Project DNA mapping,1.9260270595550537,0.488,2025-01-26 14:18:45,"NO anchor BMtitle k=1.5, b = 0.6, text_weight, c200 = 1.5, title_weight =0.5, anchor_weight = 0,pr_weight = 0.4,pv_weight = 0.5"
Italian pasta varieties and recipes,1.4357209205627441,0.083,2025-01-26 14:18:45,"NO anchor BMtitle k=1.5, b = 0.6, text_weight, c200 = 1.5, title_weight =0.5, anchor_weight = 0,pr_weight = 0.4,pv_weight = 0.5"
Street food around the world,2.252364158630371,0.092,2025-01-26 14:18:45,"NO anchor BMtitle k=1.5, b = 0.6, text_weight, c200 = 1.5, title_weight =0.5, anchor_weight = 0,pr_weight = 0.4,pv_weight = 0.5"
Surrealism art Salvador Dalí,1.7393090724945068,0.351,2025-01-26 14:18:45,"NO anchor BMtitle k=1.5, b = 0.6, text_weight, c200 = 1.5, title_weight =0.5, anchor_weight = 0,pr_weight = 0.4,pv_weight = 0.5"
Mediterranean diet health benefits,1.3674900531768799,0.25,2025-01-26 14:18:45,"NO anchor BMtitle k=1.5, b = 0.6, text_weight, c200 = 1.5, title_weight =0.5, anchor_weight = 0,pr_weight = 0.4,pv_weight = 0.5"
Civil Rights Movement 1960s protests,2.7857000827789307,0.159,2025-01-26 14:18:45,"NO anchor BMtitle k=1.5, b = 0.6, text_weight, c200 = 1.5, title_weight =0.5, anchor_weight = 0,pr_weight = 0.4,pv_weight = 0.5"
Manhattan Project atomic bomb,1.2653298377990723,0.31,2025-01-26 14:18:45,"NO anchor BMtitle k=1.5, b = 0.6, text_weight, c200 = 1.5, title_weight =0.5, anchor_weight = 0,pr_weight = 0.4,pv_weight = 0.5"
Cheese types and production,1.185882806777954,0.378,2025-01-26 14:18:45,"NO anchor BMtitle k=1.5, b = 0.6, text_weight, c200 = 1.5, title_weight =0.5, anchor_weight = 0,pr_weight = 0.4,pv_weight = 0.5"
Anime history Japan Studio Ghibli,1.794847011566162,0.135,2025-01-26 14:18:45,"NO anchor BMtitle k=1.5, b = 0.6, text_weight, c200 = 1.5, title_weight =0.5, anchor_weight = 0,pr_weight = 0.4,pv_weight = 0.5"
Berlin Wall fall reunification,1.588465929031372,0.09,2025-01-26 14:18:45,"NO anchor BMtitle k=1.5, b = 0.6, text_weight, c200 = 1.5, title_weight =0.5, anchor_weight = 0,pr_weight = 0.4,pv_weight = 0.5"
Sushi origins Japan,1.2597472667694092,0.139,2025-01-26 14:18:45,"NO anchor BMtitle k=1.5, b = 0.6, text_weight, c200 = 1.5, title_weight =0.5, anchor_weight = 0,pr_weight = 0.4,pv_weight = 0.5"
World War I causes consequences,2.9173738956451416,0.112,2025-01-26 14:18:45,"NO anchor BMtitle k=1.5, b = 0.6, text_weight, c200 = 1.5, title_weight =0.5, anchor_weight = 0,pr_weight = 0.4,pv_weight = 0.5"
Higgs Boson discovery physics,1.3005340099334717,0.326,2025-01-26 14:18:45,"NO anchor BMtitle k=1.5, b = 0.6, text_weight, c200 = 1.5, title_weight =0.5, anchor_weight = 0,pr_weight = 0.4,pv_weight = 0.5"
Golden Age of Hollywood films,2.358419895172119,0.083,2025-01-26 14:18:45,"NO anchor BMtitle k=1.5, b = 0.6, text_weight, c200 = 1.5, title_weight =0.5, anchor_weight = 0,pr_weight = 0.4,pv_weight = 0.5"
Byzantine Empire Constantinople history,1.2188291549682617,0.552,2025-01-26 14:18:45,"NO anchor BMtitle k=1.5, b = 0.6, text_weight, c200 = 1.5, title_weight =0.5, anchor_weight = 0,pr_weight = 0.4,pv_weight = 0.5"
Turing Machine early computing,1.5701611042022705,0.277,2025-01-26 14:18:45,"NO anchor BMtitle k=1.5, b = 0.6, text_weight, c200 = 1.5, title_weight =0.5, anchor_weight = 0,pr_weight = 0.4,pv_weight = 0.5"
Theory of Relativity Einstein,1.0756630897521973,0.425,2025-01-26 14:18:45,"NO anchor BMtitle k=1.5, b = 0.6, text_weight, c200 = 1.5, title_weight =0.5, anchor_weight = 0,pr_weight = 0.4,pv_weight = 0.5"
Mobile phone technology evolution,11.195098876953125,0.158,2025-01-26 14:18:45,"NO anchor BMtitle k=1.5, b = 0.6, text_weight, c200 = 1.5, title_weight =0.5, anchor_weight = 0,pr_weight = 0.4,pv_weight = 0.5"
History of chocolate production,0.9659590721130371,0.177,2025-01-26 14:18:45,"NO anchor BMtitle k=1.5, b = 0.6, text_weight, c200 = 1.5, title_weight =0.5, anchor_weight = 0,pr_weight = 0.4,pv_weight = 0.5"
Apollo 11 moon landing 1969,1.6166410446166992,0.114,2025-01-26 14:18:45,"NO anchor BMtitle k=1.5, b = 0.6, text_weight, c200 = 1.5, title_weight =0.5, anchor_weight = 0,pr_weight = 0.4,pv_weight = 0.5"
Gothic architecture medieval cathedrals,1.2454371452331543,0.604,2025-01-26 14:18:45,"NO anchor BMtitle k=1.5, b = 0.6, text_weight, c200 = 1.5, title_weight =0.5, anchor_weight = 0,pr_weight = 0.4,pv_weight = 0.5"
Russian Revolution 1917 Bolsheviks,1.343332052230835,0.396,2025-01-26 14:18:45,"NO anchor BMtitle k=1.5, b = 0.6, text_weight, c200 = 1.5, title_weight =0.5, anchor_weight = 0,pr_weight = 0.4,pv_weight = 0.5"
Academy Awards history Oscars,2.1991219520568848,0.724,2025-01-26 14:18:45,"NO anchor BMtitle k=1.5, b = 0.6, text_weight, c200 = 1.5, title_weight =0.5, anchor_weight = 0,pr_weight = 0.4,pv_weight = 0.5"
Fermentation food preservation techniques,1.323117971420288,0.243,2025-01-26 14:18:45,"NO anchor BMtitle k=1.5, b = 0.6, text_weight, c200 = 1.5, title_weight =0.5, anchor_weight = 0,pr_weight = 0.4,pv_weight = 0.5"
History of pizza Italian cuisine,2.232387065887451,0.538,2025-01-26 14:18:45,"NO anchor BMtitle k=1.5, b = 0.6, text_weight, c200 = 1.5, title_weight =0.5, anchor_weight = 0,pr_weight = 0.4,pv_weight = 0.5"
French cuisine traditional dishes,1.5174109935760498,0.224,2025-01-26 14:18:45,"NO anchor BMtitle k=1.5, b = 0.6, text_weight, c200 = 1.5, title_weight =0.5, anchor_weight = 0,pr_weight = 0.4,pv_weight = 0.5"
Endangered species conservation efforts,1.495368242263794,0.302,2025-01-26 14:18:45,"NO anchor BMtitle k=1.5, b = 0.6, text_weight, c200 = 1.5, title_weight =0.5, anchor_weight = 0,pr_weight = 0.4,pv_weight = 0.5"
Greek mythology Western culture,1.7371180057525635,0.198,2025-01-26 14:18:45,"NO anchor BMtitle k=1.5, b = 0.6, text_weight, c200 = 1.5, title_weight =0.5, anchor_weight = 0,pr_weight = 0.4,pv_weight = 0.5"
Cold War proxy conflicts,1.9199340343475342,0.353,2025-01-26 14:18:45,"NO anchor BMtitle k=1.5, b = 0.6, text_weight, c200 = 1.5, title_weight =0.5, anchor_weight = 0,pr_weight = 0.4,pv_weight = 0.5"
Nelson Mandela apartheid biography,1.2472188472747803,0.231,2025-01-26 14:18:45,"NO anchor BMtitle k=1.5, b = 0.6, text_weight, c200 = 1.5, title_weight =0.5, anchor_weight = 0,pr_weight = 0.4,pv_weight = 0.5"
Human Genome Project DNA mapping,1.8301029205322266,0.488,2025-01-26 14:22:03,"NO anchor BMtitle k=1.5, b = 0.6, text_weight, c200 = 1.5, title_weight =0.5, anchor_weight = 0,pr_weight = 0.4,pv_weight = 0.5"
Italian pasta varieties and recipes,1.468001127243042,0.083,2025-01-26 14:22:03,"NO anchor BMtitle k=1.5, b = 0.6, text_weight, c200 = 1.5, title_weight =0.5, anchor_weight = 0,pr_weight = 0.4,pv_weight = 0.5"
Street food around the world,2.3649239540100098,0.092,2025-01-26 14:22:03,"NO anchor BMtitle k=1.5, b = 0.6, text_weight, c200 = 1.5, title_weight =0.5, anchor_weight = 0,pr_weight = 0.4,pv_weight = 0.5"
Surrealism art Salvador Dalí,1.691127061843872,0.351,2025-01-26 14:22:03,"NO anchor BMtitle k=1.5, b = 0.6, text_weight, c200 = 1.5, title_weight =0.5, anchor_weight = 0,pr_weight = 0.4,pv_weight = 0.5"
Mediterranean diet health benefits,1.5715241432189941,0.224,2025-01-26 14:22:03,"NO anchor BMtitle k=1.5, b = 0.6, text_weight, c200 = 1.5, title_weight =0.5, anchor_weight = 0,pr_weight = 0.4,pv_weight = 0.5"
Civil Rights Movement 1960s protests,2.3556690216064453,0.138,2025-01-26 14:22:03,"NO anchor BMtitle k=1.5, b = 0.6, text_weight, c200 = 1.5, title_weight =0.5, anchor_weight = 0,pr_weight = 0.4,pv_weight = 0.5"
Manhattan Project atomic bomb,1.4329249858856201,0.31,2025-01-26 14:22:03,"NO anchor BMtitle k=1.5, b = 0.6, text_weight, c200 = 1.5, title_weight =0.5, anchor_weight = 0,pr_weight = 0.4,pv_weight = 0.5"
Cheese types and production,1.2298998832702637,0.449,2025-01-26 14:22:03,"NO anchor BMtitle k=1.5, b = 0.6, text_weight, c200 = 1.5, title_weight =0.5, anchor_weight = 0,pr_weight = 0.4,pv_weight = 0.5"
Anime history Japan Studio Ghibli,2.0460116863250732,0.135,2025-01-26 14:22:03,"NO anchor BMtitle k=1.5, b = 0.6, text_weight, c200 = 1.5, title_weight =0.5, anchor_weight = 0,pr_weight = 0.4,pv_weight = 0.5"
Berlin Wall fall reunification,1.5499823093414307,0.081,2025-01-26 14:22:03,"NO anchor BMtitle k=1.5, b = 0.6, text_weight, c200 = 1.5, title_weight =0.5, anchor_weight = 0,pr_weight = 0.4,pv_weight = 0.5"
Sushi origins Japan,1.2382049560546875,0.139,2025-01-26 14:22:03,"NO anchor BMtitle k=1.5, b = 0.6, text_weight, c200 = 1.5, title_weight =0.5, anchor_weight = 0,pr_weight = 0.4,pv_weight = 0.5"
World War I causes consequences,2.633769989013672,0.0,2025-01-26 14:22:03,"NO anchor BMtitle k=1.5, b = 0.6, text_weight, c200 = 1.5, title_weight =0.5, anchor_weight = 0,pr_weight = 0.4,pv_weight = 0.5"
Higgs Boson discovery physics,1.449418067932129,0.326,2025-01-26 14:22:03,"NO anchor BMtitle k=1.5, b = 0.6, text_weight, c200 = 1.5, title_weight =0.5, anchor_weight = 0,pr_weight = 0.4,pv_weight = 0.5"
Golden Age of Hollywood films,2.337346076965332,0.083,2025-01-26 14:22:03,"NO anchor BMtitle k=1.5, b = 0.6, text_weight, c200 = 1.5, title_weight =0.5, anchor_weight = 0,pr_weight = 0.4,pv_weight = 0.5"
Byzantine Empire Constantinople history,1.1083898544311523,0.504,2025-01-26 14:22:03,"NO anchor BMtitle k=1.5, b = 0.6, text_weight, c200 = 1.5, title_weight =0.5, anchor_weight = 0,pr_weight = 0.4,pv_weight = 0.5"
Turing Machine early computing,1.463653802871704,0.277,2025-01-26 14:22:03,"NO anchor BMtitle k=1.5, b = 0.6, text_weight, c200 = 1.5, title_weight =0.5, anchor_weight = 0,pr_weight = 0.4,pv_weight = 0.5"
Theory of Relativity Einstein,1.315727949142456,0.425,2025-01-26 14:22:03,"NO anchor BMtitle k=1.5, b = 0.6, text_weight, c200 = 1.5, title_weight =0.5, anchor_weight = 0,pr_weight = 0.4,pv_weight = 0.5"
Mobile phone technology evolution,1.4502291679382324,0.112,2025-01-26 14:22:03,"NO anchor BMtitle k=1.5, b = 0.6, text_weight, c200 = 1.5, title_weight =0.5, anchor_weight = 0,pr_weight = 0.4,pv_weight = 0.5"
History of chocolate production,2.0316638946533203,0.177,2025-01-26 14:22:03,"NO anchor BMtitle k=1.5, b = 0.6, text_weight, c200 = 1.5, title_weight =0.5, anchor_weight = 0,pr_weight = 0.4,pv_weight = 0.5"
Apollo 11 moon landing 1969,1.5344350337982178,0.084,2025-01-26 14:22:03,"NO anchor BMtitle k=1.5, b = 0.6, text_weight, c200 = 1.5, title_weight =0.5, anchor_weight = 0,pr_weight = 0.4,pv_weight = 0.5"
Gothic architecture medieval cathedrals,1.3101890087127686,0.513,2025-01-26 14:22:03,"NO anchor BMtitle k=1.5, b = 0.6, text_weight, c200 = 1.5, title_weight =0.5, anchor_weight = 0,pr_weight = 0.4,pv_weight = 0.5"
Russian Revolution 1917 Bolsheviks,1.517467975616455,0.366,2025-01-26 14:22:03,"NO anchor BMtitle k=1.5, b = 0.6, text_weight, c200 = 1.5, title_weight =0.5, anchor_weight = 0,pr_weight = 0.4,pv_weight = 0.5"
Academy Awards history Oscars,2.249082088470459,0.645,2025-01-26 14:22:03,"NO anchor BMtitle k=1.5, b = 0.6, text_weight, c200 = 1.5, title_weight =0.5, anchor_weight = 0,pr_weight = 0.4,pv_weight = 0.5"
Fermentation food preservation techniques,1.2825558185577393,0.243,2025-01-26 14:22:03,"NO anchor BMtitle k=1.5, b = 0.6, text_weight, c200 = 1.5, title_weight =0.5, anchor_weight = 0,pr_weight = 0.4,pv_weight = 0.5"
History of pizza Italian cuisine,1.1861460208892822,0.504,2025-01-26 14:22:03,"NO anchor BMtitle k=1.5, b = 0.6, text_weight, c200 = 1.5, title_weight =0.5, anchor_weight = 0,pr_weight = 0.4,pv_weight = 0.5"
French cuisine traditional dishes,1.563162088394165,0.224,2025-01-26 14:22:03,"NO anchor BMtitle k=1.5, b = 0.6, text_weight, c200 = 1.5, title_weight =0.5, anchor_weight = 0,pr_weight = 0.4,pv_weight = 0.5"
Endangered species conservation efforts,1.5733060836791992,0.302,2025-01-26 14:22:03,"NO anchor BMtitle k=1.5, b = 0.6, text_weight, c200 = 1.5, title_weight =0.5, anchor_weight = 0,pr_weight = 0.4,pv_weight = 0.5"
Greek mythology Western culture,1.74772310256958,0.113,2025-01-26 14:22:03,"NO anchor BMtitle k=1.5, b = 0.6, text_weight, c200 = 1.5, title_weight =0.5, anchor_weight = 0,pr_weight = 0.4,pv_weight = 0.5"
Cold War proxy conflicts,1.910459041595459,0.353,2025-01-26 14:22:03,"NO anchor BMtitle k=1.5, b = 0.6, text_weight, c200 = 1.5, title_weight =0.5, anchor_weight = 0,pr_weight = 0.4,pv_weight = 0.5"
Nelson Mandela apartheid biography,1.2979159355163574,0.179,2025-01-26 14:22:03,"NO anchor BMtitle k=1.5, b = 0.6, text_weight, c200 = 1.5, title_weight =0.5, anchor_weight = 0,pr_weight = 0.4,pv_weight = 0.5"
Human Genome Project DNA mapping,1.7296090126037598,0.488,2025-01-26 14:24:59,"NO anchor BMtitle k=1.5, b = 0.6, text_weight, c200 = 1.5, title_weight =0.5, anchor_weight = 0,pr_weight = 0.3,pv_weight = 0.5"
Italian pasta varieties and recipes,1.4586598873138428,0.083,2025-01-26 14:24:59,"NO anchor BMtitle k=1.5, b = 0.6, text_weight, c200 = 1.5, title_weight =0.5, anchor_weight = 0,pr_weight = 0.3,pv_weight = 0.5"
Street food around the world,2.269484043121338,0.092,2025-01-26 14:24:59,"NO anchor BMtitle k=1.5, b = 0.6, text_weight, c200 = 1.5, title_weight =0.5, anchor_weight = 0,pr_weight = 0.3,pv_weight = 0.5"
Surrealism art Salvador Dalí,1.5923020839691162,0.351,2025-01-26 14:24:59,"NO anchor BMtitle k=1.5, b = 0.6, text_weight, c200 = 1.5, title_weight =0.5, anchor_weight = 0,pr_weight = 0.3,pv_weight = 0.5"
Mediterranean diet health benefits,1.4054200649261475,0.25,2025-01-26 14:24:59,"NO anchor BMtitle k=1.5, b = 0.6, text_weight, c200 = 1.5, title_weight =0.5, anchor_weight = 0,pr_weight = 0.3,pv_weight = 0.5"
Civil Rights Movement 1960s protests,2.2796738147735596,0.159,2025-01-26 14:24:59,"NO anchor BMtitle k=1.5, b = 0.6, text_weight, c200 = 1.5, title_weight =0.5, anchor_weight = 0,pr_weight = 0.3,pv_weight = 0.5"
Manhattan Project atomic bomb,1.381234884262085,0.31,2025-01-26 14:24:59,"NO anchor BMtitle k=1.5, b = 0.6, text_weight, c200 = 1.5, title_weight =0.5, anchor_weight = 0,pr_weight = 0.3,pv_weight = 0.5"
Cheese types and production,1.1619908809661865,0.378,2025-01-26 14:24:59,"NO anchor BMtitle k=1.5, b = 0.6, text_weight, c200 = 1.5, title_weight =0.5, anchor_weight = 0,pr_weight = 0.3,pv_weight = 0.5"
Anime history Japan Studio Ghibli,1.9103429317474365,0.135,2025-01-26 14:24:59,"NO anchor BMtitle k=1.5, b = 0.6, text_weight, c200 = 1.5, title_weight =0.5, anchor_weight = 0,pr_weight = 0.3,pv_weight = 0.5"
Berlin Wall fall reunification,1.4490809440612793,0.09,2025-01-26 14:24:59,"NO anchor BMtitle k=1.5, b = 0.6, text_weight, c200 = 1.5, title_weight =0.5, anchor_weight = 0,pr_weight = 0.3,pv_weight = 0.5"
Sushi origins Japan,1.2080800533294678,0.139,2025-01-26 14:24:59,"NO anchor BMtitle k=1.5, b = 0.6, text_weight, c200 = 1.5, title_weight =0.5, anchor_weight = 0,pr_weight = 0.3,pv_weight = 0.5"
World War I causes consequences,2.72644305229187,0.131,2025-01-26 14:24:59,"NO anchor BMtitle k=1.5, b = 0.6, text_weight, c200 = 1.5, title_weight =0.5, anchor_weight = 0,pr_weight = 0.3,pv_weight = 0.5"
Higgs Boson discovery physics,1.4362621307373047,0.326,2025-01-26 14:24:59,"NO anchor BMtitle k=1.5, b = 0.6, text_weight, c200 = 1.5, title_weight =0.5, anchor_weight = 0,pr_weight = 0.3,pv_weight = 0.5"
Golden Age of Hollywood films,2.8487958908081055,0.083,2025-01-26 14:24:59,"NO anchor BMtitle k=1.5, b = 0.6, text_weight, c200 = 1.5, title_weight =0.5, anchor_weight = 0,pr_weight = 0.3,pv_weight = 0.5"
Byzantine Empire Constantinople history,1.2149019241333008,0.552,2025-01-26 14:24:59,"NO anchor BMtitle k=1.5, b = 0.6, text_weight, c200 = 1.5, title_weight =0.5, anchor_weight = 0,pr_weight = 0.3,pv_weight = 0.5"
Turing Machine early computing,1.857792854309082,0.306,2025-01-26 14:24:59,"NO anchor BMtitle k=1.5, b = 0.6, text_weight, c200 = 1.5, title_weight =0.5, anchor_weight = 0,pr_weight = 0.3,pv_weight = 0.5"
Theory of Relativity Einstein,1.1187231540679932,0.425,2025-01-26 14:24:59,"NO anchor BMtitle k=1.5, b = 0.6, text_weight, c200 = 1.5, title_weight =0.5, anchor_weight = 0,pr_weight = 0.3,pv_weight = 0.5"
Mobile phone technology evolution,1.3680849075317383,0.158,2025-01-26 14:24:59,"NO anchor BMtitle k=1.5, b = 0.6, text_weight, c200 = 1.5, title_weight =0.5, anchor_weight = 0,pr_weight = 0.3,pv_weight = 0.5"
History of chocolate production,0.8995192050933838,0.177,2025-01-26 14:24:59,"NO anchor BMtitle k=1.5, b = 0.6, text_weight, c200 = 1.5, title_weight =0.5, anchor_weight = 0,pr_weight = 0.3,pv_weight = 0.5"
Apollo 11 moon landing 1969,1.566039800643921,0.114,2025-01-26 14:24:59,"NO anchor BMtitle k=1.5, b = 0.6, text_weight, c200 = 1.5, title_weight =0.5, anchor_weight = 0,pr_weight = 0.3,pv_weight = 0.5"
Gothic architecture medieval cathedrals,1.2686500549316406,0.604,2025-01-26 14:24:59,"NO anchor BMtitle k=1.5, b = 0.6, text_weight, c200 = 1.5, title_weight =0.5, anchor_weight = 0,pr_weight = 0.3,pv_weight = 0.5"
Russian Revolution 1917 Bolsheviks,1.3525848388671875,0.396,2025-01-26 14:24:59,"NO anchor BMtitle k=1.5, b = 0.6, text_weight, c200 = 1.5, title_weight =0.5, anchor_weight = 0,pr_weight = 0.3,pv_weight = 0.5"
Academy Awards history Oscars,2.2495768070220947,0.724,2025-01-26 14:24:59,"NO anchor BMtitle k=1.5, b = 0.6, text_weight, c200 = 1.5, title_weight =0.5, anchor_weight = 0,pr_weight = 0.3,pv_weight = 0.5"
Fermentation food preservation techniques,1.2777841091156006,0.243,2025-01-26 14:24:59,"NO anchor BMtitle k=1.5, b = 0.6, text_weight, c200 = 1.5, title_weight =0.5, anchor_weight = 0,pr_weight = 0.3,pv_weight = 0.5"
History of pizza Italian cuisine,1.195561170578003,0.538,2025-01-26 14:24:59,"NO anchor BMtitle k=1.5, b = 0.6, text_weight, c200 = 1.5, title_weight =0.5, anchor_weight = 0,pr_weight = 0.3,pv_weight = 0.5"
French cuisine traditional dishes,1.5699477195739746,0.224,2025-01-26 14:24:59,"NO anchor BMtitle k=1.5, b = 0.6, text_weight, c200 = 1.5, title_weight =0.5, anchor_weight = 0,pr_weight = 0.3,pv_weight = 0.5"
Endangered species conservation efforts,2.6101059913635254,0.302,2025-01-26 14:24:59,"NO anchor BMtitle k=1.5, b = 0.6, text_weight, c200 = 1.5, title_weight =0.5, anchor_weight = 0,pr_weight = 0.3,pv_weight = 0.5"
Greek mythology Western culture,1.628896951675415,0.198,2025-01-26 14:24:59,"NO anchor BMtitle k=1.5, b = 0.6, text_weight, c200 = 1.5, title_weight =0.5, anchor_weight = 0,pr_weight = 0.3,pv_weight = 0.5"
Cold War proxy conflicts,2.7771480083465576,0.353,2025-01-26 14:24:59,"NO anchor BMtitle k=1.5, b = 0.6, text_weight, c200 = 1.5, title_weight =0.5, anchor_weight = 0,pr_weight = 0.3,pv_weight = 0.5"
Nelson Mandela apartheid biography,1.1957910060882568,0.231,2025-01-26 14:24:59,"NO anchor BMtitle k=1.5, b = 0.6, text_weight, c200 = 1.5, title_weight =0.5, anchor_weight = 0,pr_weight = 0.3,pv_weight = 0.5"
Human Genome Project DNA mapping,2.536468982696533,0.488,2025-01-26 16:58:46,"NO anchor BMtitle k=1.5, b = 0.6, text_weight, c200 = 1.5, title_weight =0.5, anchor_weight = 0,pr_weight = 0.3,pv_weight = 0.5"
Italian pasta varieties and recipes,2.0261261463165283,0.083,2025-01-26 16:58:46,"NO anchor BMtitle k=1.5, b = 0.6, text_weight, c200 = 1.5, title_weight =0.5, anchor_weight = 0,pr_weight = 0.3,pv_weight = 0.5"
Street food around the world,2.668030023574829,0.092,2025-01-26 16:58:46,"NO anchor BMtitle k=1.5, b = 0.6, text_weight, c200 = 1.5, title_weight =0.5, anchor_weight = 0,pr_weight = 0.3,pv_weight = 0.5"
Surrealism art Salvador Dalí,2.0680859088897705,0.351,2025-01-26 16:58:46,"NO anchor BMtitle k=1.5, b = 0.6, text_weight, c200 = 1.5, title_weight =0.5, anchor_weight = 0,pr_weight = 0.3,pv_weight = 0.5"
Mediterranean diet health benefits,1.7533340454101562,0.25,2025-01-26 16:58:46,"NO anchor BMtitle k=1.5, b = 0.6, text_weight, c200 = 1.5, title_weight =0.5, anchor_weight = 0,pr_weight = 0.3,pv_weight = 0.5"
Civil Rights Movement 1960s protests,2.7227141857147217,0.159,2025-01-26 16:58:46,"NO anchor BMtitle k=1.5, b = 0.6, text_weight, c200 = 1.5, title_weight =0.5, anchor_weight = 0,pr_weight = 0.3,pv_weight = 0.5"
Manhattan Project atomic bomb,1.6371979713439941,0.31,2025-01-26 16:58:46,"NO anchor BMtitle k=1.5, b = 0.6, text_weight, c200 = 1.5, title_weight =0.5, anchor_weight = 0,pr_weight = 0.3,pv_weight = 0.5"
Cheese types and production,1.5270202159881592,0.378,2025-01-26 16:58:46,"NO anchor BMtitle k=1.5, b = 0.6, text_weight, c200 = 1.5, title_weight =0.5, anchor_weight = 0,pr_weight = 0.3,pv_weight = 0.5"
Anime history Japan Studio Ghibli,2.475691080093384,0.135,2025-01-26 16:58:46,"NO anchor BMtitle k=1.5, b = 0.6, text_weight, c200 = 1.5, title_weight =0.5, anchor_weight = 0,pr_weight = 0.3,pv_weight = 0.5"
Berlin Wall fall reunification,2.1503169536590576,0.09,2025-01-26 16:58:46,"NO anchor BMtitle k=1.5, b = 0.6, text_weight, c200 = 1.5, title_weight =0.5, anchor_weight = 0,pr_weight = 0.3,pv_weight = 0.5"
Sushi origins Japan,1.8407840728759766,0.139,2025-01-26 16:58:46,"NO anchor BMtitle k=1.5, b = 0.6, text_weight, c200 = 1.5, title_weight =0.5, anchor_weight = 0,pr_weight = 0.3,pv_weight = 0.5"
World War I causes consequences,3.011209011077881,0.131,2025-01-26 16:58:46,"NO anchor BMtitle k=1.5, b = 0.6, text_weight, c200 = 1.5, title_weight =0.5, anchor_weight = 0,pr_weight = 0.3,pv_weight = 0.5"
Higgs Boson discovery physics,1.5558509826660156,0.326,2025-01-26 16:58:46,"NO anchor BMtitle k=1.5, b = 0.6, text_weight, c200 = 1.5, title_weight =0.5, anchor_weight = 0,pr_weight = 0.3,pv_weight = 0.5"
Golden Age of Hollywood films,2.74853515625,0.083,2025-01-26 16:58:46,"NO anchor BMtitle k=1.5, b = 0.6, text_weight, c200 = 1.5, title_weight =0.5, anchor_weight = 0,pr_weight = 0.3,pv_weight = 0.5"
Byzantine Empire Constantinople history,1.3126411437988281,0.552,2025-01-26 16:58:46,"NO anchor BMtitle k=1.5, b = 0.6, text_weight, c200 = 1.5, title_weight =0.5, anchor_weight = 0,pr_weight = 0.3,pv_weight = 0.5"
Turing Machine early computing,2.117300033569336,0.306,2025-01-26 16:58:46,"NO anchor BMtitle k=1.5, b = 0.6, text_weight, c200 = 1.5, title_weight =0.5, anchor_weight = 0,pr_weight = 0.3,pv_weight = 0.5"
Theory of Relativity Einstein,1.536585807800293,0.425,2025-01-26 16:58:46,"NO anchor BMtitle k=1.5, b = 0.6, text_weight, c200 = 1.5, title_weight =0.5, anchor_weight = 0,pr_weight = 0.3,pv_weight = 0.5"
Mobile phone technology evolution,1.8413910865783691,0.158,2025-01-26 16:58:46,"NO anchor BMtitle k=1.5, b = 0.6, text_weight, c200 = 1.5, title_weight =0.5, anchor_weight = 0,pr_weight = 0.3,pv_weight = 0.5"
History of chocolate production,1.228682041168213,0.177,2025-01-26 16:58:46,"NO anchor BMtitle k=1.5, b = 0.6, text_weight, c200 = 1.5, title_weight =0.5, anchor_weight = 0,pr_weight = 0.3,pv_weight = 0.5"
Apollo 11 moon landing 1969,2.332508087158203,0.114,2025-01-26 16:58:46,"NO anchor BMtitle k=1.5, b = 0.6, text_weight, c200 = 1.5, title_weight =0.5, anchor_weight = 0,pr_weight = 0.3,pv_weight = 0.5"
Gothic architecture medieval cathedrals,3.1931939125061035,0.604,2025-01-26 16:58:46,"NO anchor BMtitle k=1.5, b = 0.6, text_weight, c200 = 1.5, title_weight =0.5, anchor_weight = 0,pr_weight = 0.3,pv_weight = 0.5"
Russian Revolution 1917 Bolsheviks,2.082228899002075,0.396,2025-01-26 16:58:46,"NO anchor BMtitle k=1.5, b = 0.6, text_weight, c200 = 1.5, title_weight =0.5, anchor_weight = 0,pr_weight = 0.3,pv_weight = 0.5"
Academy Awards history Oscars,2.601670980453491,0.724,2025-01-26 16:58:46,"NO anchor BMtitle k=1.5, b = 0.6, text_weight, c200 = 1.5, title_weight =0.5, anchor_weight = 0,pr_weight = 0.3,pv_weight = 0.5"
Fermentation food preservation techniques,1.5352888107299805,0.243,2025-01-26 16:58:46,"NO anchor BMtitle k=1.5, b = 0.6, text_weight, c200 = 1.5, title_weight =0.5, anchor_weight = 0,pr_weight = 0.3,pv_weight = 0.5"
History of pizza Italian cuisine,1.4602041244506836,0.538,2025-01-26 16:58:46,"NO anchor BMtitle k=1.5, b = 0.6, text_weight, c200 = 1.5, title_weight =0.5, anchor_weight = 0,pr_weight = 0.3,pv_weight = 0.5"
French cuisine traditional dishes,2.1454620361328125,0.224,2025-01-26 16:58:46,"NO anchor BMtitle k=1.5, b = 0.6, text_weight, c200 = 1.5, title_weight =0.5, anchor_weight = 0,pr_weight = 0.3,pv_weight = 0.5"
Endangered species conservation efforts,2.0445451736450195,0.302,2025-01-26 16:58:46,"NO anchor BMtitle k=1.5, b = 0.6, text_weight, c200 = 1.5, title_weight =0.5, anchor_weight = 0,pr_weight = 0.3,pv_weight = 0.5"
Greek mythology Western culture,1.949185848236084,0.198,2025-01-26 16:58:46,"NO anchor BMtitle k=1.5, b = 0.6, text_weight, c200 = 1.5, title_weight =0.5, anchor_weight = 0,pr_weight = 0.3,pv_weight = 0.5"
Cold War proxy conflicts,2.146881103515625,0.353,2025-01-26 16:58:46,"NO anchor BMtitle k=1.5, b = 0.6, text_weight, c200 = 1.5, title_weight =0.5, anchor_weight = 0,pr_weight = 0.3,pv_weight = 0.5"
Nelson Mandela apartheid biography,1.5366010665893555,0.231,2025-01-26 16:58:46,"NO anchor BMtitle k=1.5, b = 0.6, text_weight, c200 = 1.5, title_weight =0.5, anchor_weight = 0,pr_weight = 0.3,pv_weight = 0.5"
Human Genome Project DNA mapping,1.9354643821716309,0.488,2025-01-26 17:04:04,"NO anchor BMtitle k=1.5, b = 0.6, text_weight, c200 = 1.5, title_weight =0.5, anchor_weight = 0,pr_weight = 0.2,pv_weight = 0.3"
Italian pasta varieties and recipes,2.0664238929748535,0.083,2025-01-26 17:04:04,"NO anchor BMtitle k=1.5, b = 0.6, text_weight, c200 = 1.5, title_weight =0.5, anchor_weight = 0,pr_weight = 0.2,pv_weight = 0.3"
Street food around the world,2.7638511657714844,0.092,2025-01-26 17:04:04,"NO anchor BMtitle k=1.5, b = 0.6, text_weight, c200 = 1.5, title_weight =0.5, anchor_weight = 0,pr_weight = 0.2,pv_weight = 0.3"
Surrealism art Salvador Dalí,2.1475090980529785,0.351,2025-01-26 17:04:04,"NO anchor BMtitle k=1.5, b = 0.6, text_weight, c200 = 1.5, title_weight =0.5, anchor_weight = 0,pr_weight = 0.2,pv_weight = 0.3"
Mediterranean diet health benefits,1.8419389724731445,0.25,2025-01-26 17:04:04,"NO anchor BMtitle k=1.5, b = 0.6, text_weight, c200 = 1.5, title_weight =0.5, anchor_weight = 0,pr_weight = 0.2,pv_weight = 0.3"
Civil Rights Movement 1960s protests,2.7637510299682617,0.159,2025-01-26 17:04:04,"NO anchor BMtitle k=1.5, b = 0.6, text_weight, c200 = 1.5, title_weight =0.5, anchor_weight = 0,pr_weight = 0.2,pv_weight = 0.3"
Manhattan Project atomic bomb,1.4541409015655518,0.31,2025-01-26 17:04:04,"NO anchor BMtitle k=1.5, b = 0.6, text_weight, c200 = 1.5, title_weight =0.5, anchor_weight = 0,pr_weight = 0.2,pv_weight = 0.3"
Cheese types and production,1.3925879001617432,0.378,2025-01-26 17:04:04,"NO anchor BMtitle k=1.5, b = 0.6, text_weight, c200 = 1.5, title_weight =0.5, anchor_weight = 0,pr_weight = 0.2,pv_weight = 0.3"
Anime history Japan Studio Ghibli,2.1699349880218506,0.143,2025-01-26 17:04:04,"NO anchor BMtitle k=1.5, b = 0.6, text_weight, c200 = 1.5, title_weight =0.5, anchor_weight = 0,pr_weight = 0.2,pv_weight = 0.3"
Berlin Wall fall reunification,1.833296298980713,0.09,2025-01-26 17:04:04,"NO anchor BMtitle k=1.5, b = 0.6, text_weight, c200 = 1.5, title_weight =0.5, anchor_weight = 0,pr_weight = 0.2,pv_weight = 0.3"
Sushi origins Japan,1.27174711227417,0.139,2025-01-26 17:04:04,"NO anchor BMtitle k=1.5, b = 0.6, text_weight, c200 = 1.5, title_weight =0.5, anchor_weight = 0,pr_weight = 0.2,pv_weight = 0.3"
World War I causes consequences,2.788564920425415,0.131,2025-01-26 17:04:04,"NO anchor BMtitle k=1.5, b = 0.6, text_weight, c200 = 1.5, title_weight =0.5, anchor_weight = 0,pr_weight = 0.2,pv_weight = 0.3"
Higgs Boson discovery physics,1.7347779273986816,0.326,2025-01-26 17:04:04,"NO anchor BMtitle k=1.5, b = 0.6, text_weight, c200 = 1.5, title_weight =0.5, anchor_weight = 0,pr_weight = 0.2,pv_weight = 0.3"
Golden Age of Hollywood films,2.703896999359131,0.092,2025-01-26 17:04:04,"NO anchor BMtitle k=1.5, b = 0.6, text_weight, c200 = 1.5, title_weight =0.5, anchor_weight = 0,pr_weight = 0.2,pv_weight = 0.3"
Byzantine Empire Constantinople history,1.2950410842895508,0.552,2025-01-26 17:04:04,"NO anchor BMtitle k=1.5, b = 0.6, text_weight, c200 = 1.5, title_weight =0.5, anchor_weight = 0,pr_weight = 0.2,pv_weight = 0.3"
Turing Machine early computing,2.0715529918670654,0.334,2025-01-26 17:04:04,"NO anchor BMtitle k=1.5, b = 0.6, text_weight, c200 = 1.5, title_weight =0.5, anchor_weight = 0,pr_weight = 0.2,pv_weight = 0.3"
Theory of Relativity Einstein,1.2761931419372559,0.425,2025-01-26 17:04:04,"NO anchor BMtitle k=1.5, b = 0.6, text_weight, c200 = 1.5, title_weight =0.5, anchor_weight = 0,pr_weight = 0.2,pv_weight = 0.3"
Mobile phone technology evolution,1.7514081001281738,0.158,2025-01-26 17:04:04,"NO anchor BMtitle k=1.5, b = 0.6, text_weight, c200 = 1.5, title_weight =0.5, anchor_weight = 0,pr_weight = 0.2,pv_weight = 0.3"
History of chocolate production,1.0991718769073486,0.177,2025-01-26 17:04:04,"NO anchor BMtitle k=1.5, b = 0.6, text_weight, c200 = 1.5, title_weight =0.5, anchor_weight = 0,pr_weight = 0.2,pv_weight = 0.3"
Apollo 11 moon landing 1969,1.8040928840637207,0.114,2025-01-26 17:04:04,"NO anchor BMtitle k=1.5, b = 0.6, text_weight, c200 = 1.5, title_weight =0.5, anchor_weight = 0,pr_weight = 0.2,pv_weight = 0.3"
Gothic architecture medieval cathedrals,1.6427199840545654,0.604,2025-01-26 17:04:04,"NO anchor BMtitle k=1.5, b = 0.6, text_weight, c200 = 1.5, title_weight =0.5, anchor_weight = 0,pr_weight = 0.2,pv_weight = 0.3"
Russian Revolution 1917 Bolsheviks,1.4787750244140625,0.396,2025-01-26 17:04:04,"NO anchor BMtitle k=1.5, b = 0.6, text_weight, c200 = 1.5, title_weight =0.5, anchor_weight = 0,pr_weight = 0.2,pv_weight = 0.3"
Academy Awards history Oscars,2.613163948059082,0.745,2025-01-26 17:04:04,"NO anchor BMtitle k=1.5, b = 0.6, text_weight, c200 = 1.5, title_weight =0.5, anchor_weight = 0,pr_weight = 0.2,pv_weight = 0.3"
Fermentation food preservation techniques,1.327929973602295,0.255,2025-01-26 17:04:04,"NO anchor BMtitle k=1.5, b = 0.6, text_weight, c200 = 1.5, title_weight =0.5, anchor_weight = 0,pr_weight = 0.2,pv_weight = 0.3"
History of pizza Italian cuisine,1.4330661296844482,0.538,2025-01-26 17:04:04,"NO anchor BMtitle k=1.5, b = 0.6, text_weight, c200 = 1.5, title_weight =0.5, anchor_weight = 0,pr_weight = 0.2,pv_weight = 0.3"
French cuisine traditional dishes,1.8447699546813965,0.224,2025-01-26 17:04:04,"NO anchor BMtitle k=1.5, b = 0.6, text_weight, c200 = 1.5, title_weight =0.5, anchor_weight = 0,pr_weight = 0.2,pv_weight = 0.3"
Endangered species conservation efforts,1.9085931777954102,0.302,2025-01-26 17:04:04,"NO anchor BMtitle k=1.5, b = 0.6, text_weight, c200 = 1.5, title_weight =0.5, anchor_weight = 0,pr_weight = 0.2,pv_weight = 0.3"
Greek mythology Western culture,1.9063539505004883,0.198,2025-01-26 17:04:04,"NO anchor BMtitle k=1.5, b = 0.6, text_weight, c200 = 1.5, title_weight =0.5, anchor_weight = 0,pr_weight = 0.2,pv_weight = 0.3"
Cold War proxy conflicts,2.0164852142333984,0.353,2025-01-26 17:04:04,"NO anchor BMtitle k=1.5, b = 0.6, text_weight, c200 = 1.5, title_weight =0.5, anchor_weight = 0,pr_weight = 0.2,pv_weight = 0.3"
Nelson Mandela apartheid biography,1.5907220840454102,0.231,2025-01-26 17:04:04,"NO anchor BMtitle k=1.5, b = 0.6, text_weight, c200 = 1.5, title_weight =0.5, anchor_weight = 0,pr_weight = 0.2,pv_weight = 0.3"
Human Genome Project DNA mapping,2.0420849323272705,0.488,2025-01-26 17:07:51,"NO anchor BMtitle k=1.5, b = 0.6, text_weight, c200 = 1.5, title_weight =0.5, anchor_weight = 0,pr_weight = 0.2,pv_weight = 0.2"
Italian pasta varieties and recipes,1.8279399871826172,0.083,2025-01-26 17:07:51,"NO anchor BMtitle k=1.5, b = 0.6, text_weight, c200 = 1.5, title_weight =0.5, anchor_weight = 0,pr_weight = 0.2,pv_weight = 0.2"
Street food around the world,2.4654479026794434,0.092,2025-01-26 17:07:51,"NO anchor BMtitle k=1.5, b = 0.6, text_weight, c200 = 1.5, title_weight =0.5, anchor_weight = 0,pr_weight = 0.2,pv_weight = 0.2"
Surrealism art Salvador Dalí,2.147655963897705,0.351,2025-01-26 17:07:51,"NO anchor BMtitle k=1.5, b = 0.6, text_weight, c200 = 1.5, title_weight =0.5, anchor_weight = 0,pr_weight = 0.2,pv_weight = 0.2"
Mediterranean diet health benefits,1.6107661724090576,0.25,2025-01-26 17:07:51,"NO anchor BMtitle k=1.5, b = 0.6, text_weight, c200 = 1.5, title_weight =0.5, anchor_weight = 0,pr_weight = 0.2,pv_weight = 0.2"
Civil Rights Movement 1960s protests,2.6886770725250244,0.159,2025-01-26 17:07:51,"NO anchor BMtitle k=1.5, b = 0.6, text_weight, c200 = 1.5, title_weight =0.5, anchor_weight = 0,pr_weight = 0.2,pv_weight = 0.2"
Manhattan Project atomic bomb,1.537480115890503,0.31,2025-01-26 17:07:51,"NO anchor BMtitle k=1.5, b = 0.6, text_weight, c200 = 1.5, title_weight =0.5, anchor_weight = 0,pr_weight = 0.2,pv_weight = 0.2"
Cheese types and production,1.2823491096496582,0.378,2025-01-26 17:07:51,"NO anchor BMtitle k=1.5, b = 0.6, text_weight, c200 = 1.5, title_weight =0.5, anchor_weight = 0,pr_weight = 0.2,pv_weight = 0.2"
Anime history Japan Studio Ghibli,2.1588938236236572,0.143,2025-01-26 17:07:51,"NO anchor BMtitle k=1.5, b = 0.6, text_weight, c200 = 1.5, title_weight =0.5, anchor_weight = 0,pr_weight = 0.2,pv_weight = 0.2"
Berlin Wall fall reunification,1.7825212478637695,0.09,2025-01-26 17:07:51,"NO anchor BMtitle k=1.5, b = 0.6, text_weight, c200 = 1.5, title_weight =0.5, anchor_weight = 0,pr_weight = 0.2,pv_weight = 0.2"
Sushi origins Japan,1.4046289920806885,0.139,2025-01-26 17:07:51,"NO anchor BMtitle k=1.5, b = 0.6, text_weight, c200 = 1.5, title_weight =0.5, anchor_weight = 0,pr_weight = 0.2,pv_weight = 0.2"
World War I causes consequences,2.950356960296631,0.131,2025-01-26 17:07:51,"NO anchor BMtitle k=1.5, b = 0.6, text_weight, c200 = 1.5, title_weight =0.5, anchor_weight = 0,pr_weight = 0.2,pv_weight = 0.2"
Higgs Boson discovery physics,1.777275800704956,0.326,2025-01-26 17:07:51,"NO anchor BMtitle k=1.5, b = 0.6, text_weight, c200 = 1.5, title_weight =0.5, anchor_weight = 0,pr_weight = 0.2,pv_weight = 0.2"
Golden Age of Hollywood films,2.4708430767059326,0.092,2025-01-26 17:07:51,"NO anchor BMtitle k=1.5, b = 0.6, text_weight, c200 = 1.5, title_weight =0.5, anchor_weight = 0,pr_weight = 0.2,pv_weight = 0.2"
Byzantine Empire Constantinople history,1.290212869644165,0.552,2025-01-26 17:07:51,"NO anchor BMtitle k=1.5, b = 0.6, text_weight, c200 = 1.5, title_weight =0.5, anchor_weight = 0,pr_weight = 0.2,pv_weight = 0.2"
Turing Machine early computing,1.766935110092163,0.334,2025-01-26 17:07:51,"NO anchor BMtitle k=1.5, b = 0.6, text_weight, c200 = 1.5, title_weight =0.5, anchor_weight = 0,pr_weight = 0.2,pv_weight = 0.2"
Theory of Relativity Einstein,1.3447821140289307,0.425,2025-01-26 17:07:51,"NO anchor BMtitle k=1.5, b = 0.6, text_weight, c200 = 1.5, title_weight =0.5, anchor_weight = 0,pr_weight = 0.2,pv_weight = 0.2"
Mobile phone technology evolution,1.7258238792419434,0.158,2025-01-26 17:07:51,"NO anchor BMtitle k=1.5, b = 0.6, text_weight, c200 = 1.5, title_weight =0.5, anchor_weight = 0,pr_weight = 0.2,pv_weight = 0.2"
History of chocolate production,1.226489782333374,0.177,2025-01-26 17:07:51,"NO anchor BMtitle k=1.5, b = 0.6, text_weight, c200 = 1.5, title_weight =0.5, anchor_weight = 0,pr_weight = 0.2,pv_weight = 0.2"
Apollo 11 moon landing 1969,1.683142900466919,0.114,2025-01-26 17:07:51,"NO anchor BMtitle k=1.5, b = 0.6, text_weight, c200 = 1.5, title_weight =0.5, anchor_weight = 0,pr_weight = 0.2,pv_weight = 0.2"
Gothic architecture medieval cathedrals,1.7537639141082764,0.604,2025-01-26 17:07:51,"NO anchor BMtitle k=1.5, b = 0.6, text_weight, c200 = 1.5, title_weight =0.5, anchor_weight = 0,pr_weight = 0.2,pv_weight = 0.2"
Russian Revolution 1917 Bolsheviks,1.7823758125305176,0.396,2025-01-26 17:07:51,"NO anchor BMtitle k=1.5, b = 0.6, text_weight, c200 = 1.5, title_weight =0.5, anchor_weight = 0,pr_weight = 0.2,pv_weight = 0.2"
Academy Awards history Oscars,2.4568538665771484,0.745,2025-01-26 17:07:51,"NO anchor BMtitle k=1.5, b = 0.6, text_weight, c200 = 1.5, title_weight =0.5, anchor_weight = 0,pr_weight = 0.2,pv_weight = 0.2"
Fermentation food preservation techniques,1.5356650352478027,0.255,2025-01-26 17:07:51,"NO anchor BMtitle k=1.5, b = 0.6, text_weight, c200 = 1.5, title_weight =0.5, anchor_weight = 0,pr_weight = 0.2,pv_weight = 0.2"
History of pizza Italian cuisine,1.5371131896972656,0.538,2025-01-26 17:07:51,"NO anchor BMtitle k=1.5, b = 0.6, text_weight, c200 = 1.5, title_weight =0.5, anchor_weight = 0,pr_weight = 0.2,pv_weight = 0.2"
French cuisine traditional dishes,1.701413869857788,0.224,2025-01-26 17:07:51,"NO anchor BMtitle k=1.5, b = 0.6, text_weight, c200 = 1.5, title_weight =0.5, anchor_weight = 0,pr_weight = 0.2,pv_weight = 0.2"
Endangered species conservation efforts,1.8589301109313965,0.302,2025-01-26 17:07:51,"NO anchor BMtitle k=1.5, b = 0.6, text_weight, c200 = 1.5, title_weight =0.5, anchor_weight = 0,pr_weight = 0.2,pv_weight = 0.2"
Greek mythology Western culture,1.9638793468475342,0.198,2025-01-26 17:07:51,"NO anchor BMtitle k=1.5, b = 0.6, text_weight, c200 = 1.5, title_weight =0.5, anchor_weight = 0,pr_weight = 0.2,pv_weight = 0.2"
Cold War proxy conflicts,2.153391122817993,0.353,2025-01-26 17:07:51,"NO anchor BMtitle k=1.5, b = 0.6, text_weight, c200 = 1.5, title_weight =0.5, anchor_weight = 0,pr_weight = 0.2,pv_weight = 0.2"
Nelson Mandela apartheid biography,1.3568401336669922,0.231,2025-01-26 17:07:51,"NO anchor BMtitle k=1.5, b = 0.6, text_weight, c200 = 1.5, title_weight =0.5, anchor_weight = 0,pr_weight = 0.2,pv_weight = 0.2"
Human Genome Project DNA mapping,2.000373125076294,0.488,2025-01-26 17:10:51,"NO anchor BMtitle k=1.5, b = 0.4, text_weight, c200 = 1.5, title_weight =0.5, anchor_weight = 0,pr_weight = 0.2,pv_weight = 0.2"
Italian pasta varieties and recipes,1.8409080505371094,0.083,2025-01-26 17:10:51,"NO anchor BMtitle k=1.5, b = 0.4, text_weight, c200 = 1.5, title_weight =0.5, anchor_weight = 0,pr_weight = 0.2,pv_weight = 0.2"
Street food around the world,2.7620701789855957,0.092,2025-01-26 17:10:51,"NO anchor BMtitle k=1.5, b = 0.4, text_weight, c200 = 1.5, title_weight =0.5, anchor_weight = 0,pr_weight = 0.2,pv_weight = 0.2"
Surrealism art Salvador Dalí,1.8384830951690674,0.351,2025-01-26 17:10:51,"NO anchor BMtitle k=1.5, b = 0.4, text_weight, c200 = 1.5, title_weight =0.5, anchor_weight = 0,pr_weight = 0.2,pv_weight = 0.2"
Mediterranean diet health benefits,1.539680004119873,0.25,2025-01-26 17:10:51,"NO anchor BMtitle k=1.5, b = 0.4, text_weight, c200 = 1.5, title_weight =0.5, anchor_weight = 0,pr_weight = 0.2,pv_weight = 0.2"
Civil Rights Movement 1960s protests,2.7556538581848145,0.159,2025-01-26 17:10:51,"NO anchor BMtitle k=1.5, b = 0.4, text_weight, c200 = 1.5, title_weight =0.5, anchor_weight = 0,pr_weight = 0.2,pv_weight = 0.2"
Manhattan Project atomic bomb,1.8502380847930908,0.31,2025-01-26 17:10:51,"NO anchor BMtitle k=1.5, b = 0.4, text_weight, c200 = 1.5, title_weight =0.5, anchor_weight = 0,pr_weight = 0.2,pv_weight = 0.2"
Cheese types and production,1.5382039546966553,0.378,2025-01-26 17:10:51,"NO anchor BMtitle k=1.5, b = 0.4, text_weight, c200 = 1.5, title_weight =0.5, anchor_weight = 0,pr_weight = 0.2,pv_weight = 0.2"
Anime history Japan Studio Ghibli,2.313225030899048,0.143,2025-01-26 17:10:51,"NO anchor BMtitle k=1.5, b = 0.4, text_weight, c200 = 1.5, title_weight =0.5, anchor_weight = 0,pr_weight = 0.2,pv_weight = 0.2"
Berlin Wall fall reunification,1.9869470596313477,0.09,2025-01-26 17:10:51,"NO anchor BMtitle k=1.5, b = 0.4, text_weight, c200 = 1.5, title_weight =0.5, anchor_weight = 0,pr_weight = 0.2,pv_weight = 0.2"
Sushi origins Japan,1.4646329879760742,0.139,2025-01-26 17:10:51,"NO anchor BMtitle k=1.5, b = 0.4, text_weight, c200 = 1.5, title_weight =0.5, anchor_weight = 0,pr_weight = 0.2,pv_weight = 0.2"
World War I causes consequences,2.8294880390167236,0.165,2025-01-26 17:10:51,"NO anchor BMtitle k=1.5, b = 0.4, text_weight, c200 = 1.5, title_weight =0.5, anchor_weight = 0,pr_weight = 0.2,pv_weight = 0.2"
Higgs Boson discovery physics,1.8420782089233398,0.326,2025-01-26 17:10:51,"NO anchor BMtitle k=1.5, b = 0.4, text_weight, c200 = 1.5, title_weight =0.5, anchor_weight = 0,pr_weight = 0.2,pv_weight = 0.2"
Golden Age of Hollywood films,3.0672481060028076,0.083,2025-01-26 17:10:51,"NO anchor BMtitle k=1.5, b = 0.4, text_weight, c200 = 1.5, title_weight =0.5, anchor_weight = 0,pr_weight = 0.2,pv_weight = 0.2"
Byzantine Empire Constantinople history,1.3207240104675293,0.552,2025-01-26 17:10:51,"NO anchor BMtitle k=1.5, b = 0.4, text_weight, c200 = 1.5, title_weight =0.5, anchor_weight = 0,pr_weight = 0.2,pv_weight = 0.2"
Turing Machine early computing,1.7505121231079102,0.306,2025-01-26 17:10:51,"NO anchor BMtitle k=1.5, b = 0.4, text_weight, c200 = 1.5, title_weight =0.5, anchor_weight = 0,pr_weight = 0.2,pv_weight = 0.2"
Theory of Relativity Einstein,1.533280849456787,0.425,2025-01-26 17:10:51,"NO anchor BMtitle k=1.5, b = 0.4, text_weight, c200 = 1.5, title_weight =0.5, anchor_weight = 0,pr_weight = 0.2,pv_weight = 0.2"
Mobile phone technology evolution,1.8437302112579346,0.158,2025-01-26 17:10:51,"NO anchor BMtitle k=1.5, b = 0.4, text_weight, c200 = 1.5, title_weight =0.5, anchor_weight = 0,pr_weight = 0.2,pv_weight = 0.2"
History of chocolate production,1.2268059253692627,0.177,2025-01-26 17:10:51,"NO anchor BMtitle k=1.5, b = 0.4, text_weight, c200 = 1.5, title_weight =0.5, anchor_weight = 0,pr_weight = 0.2,pv_weight = 0.2"
Apollo 11 moon landing 1969,2.056770086288452,0.139,2025-01-26 17:10:51,"NO anchor BMtitle k=1.5, b = 0.4, text_weight, c200 = 1.5, title_weight =0.5, anchor_weight = 0,pr_weight = 0.2,pv_weight = 0.2"
Gothic architecture medieval cathedrals,1.4044837951660156,0.562,2025-01-26 17:10:51,"NO anchor BMtitle k=1.5, b = 0.4, text_weight, c200 = 1.5, title_weight =0.5, anchor_weight = 0,pr_weight = 0.2,pv_weight = 0.2"
Russian Revolution 1917 Bolsheviks,1.4091949462890625,0.396,2025-01-26 17:10:51,"NO anchor BMtitle k=1.5, b = 0.4, text_weight, c200 = 1.5, title_weight =0.5, anchor_weight = 0,pr_weight = 0.2,pv_weight = 0.2"
Academy Awards history Oscars,2.4978859424591064,0.745,2025-01-26 17:10:51,"NO anchor BMtitle k=1.5, b = 0.4, text_weight, c200 = 1.5, title_weight =0.5, anchor_weight = 0,pr_weight = 0.2,pv_weight = 0.2"
Fermentation food preservation techniques,1.4755280017852783,0.255,2025-01-26 17:10:51,"NO anchor BMtitle k=1.5, b = 0.4, text_weight, c200 = 1.5, title_weight =0.5, anchor_weight = 0,pr_weight = 0.2,pv_weight = 0.2"
History of pizza Italian cuisine,1.290665864944458,0.529,2025-01-26 17:10:51,"NO anchor BMtitle k=1.5, b = 0.4, text_weight, c200 = 1.5, title_weight =0.5, anchor_weight = 0,pr_weight = 0.2,pv_weight = 0.2"
French cuisine traditional dishes,2.1504039764404297,0.191,2025-01-26 17:10:51,"NO anchor BMtitle k=1.5, b = 0.4, text_weight, c200 = 1.5, title_weight =0.5, anchor_weight = 0,pr_weight = 0.2,pv_weight = 0.2"
Endangered species conservation efforts,2.145301103591919,0.302,2025-01-26 17:10:51,"NO anchor BMtitle k=1.5, b = 0.4, text_weight, c200 = 1.5, title_weight =0.5, anchor_weight = 0,pr_weight = 0.2,pv_weight = 0.2"
Greek mythology Western culture,2.186713933944702,0.198,2025-01-26 17:10:51,"NO anchor BMtitle k=1.5, b = 0.4, text_weight, c200 = 1.5, title_weight =0.5, anchor_weight = 0,pr_weight = 0.2,pv_weight = 0.2"
Cold War proxy conflicts,2.265903949737549,0.387,2025-01-26 17:10:51,"NO anchor BMtitle k=1.5, b = 0.4, text_weight, c200 = 1.5, title_weight =0.5, anchor_weight = 0,pr_weight = 0.2,pv_weight = 0.2"
Nelson Mandela apartheid biography,1.529115915298462,0.231,2025-01-26 17:10:51,"NO anchor BMtitle k=1.5, b = 0.4, text_weight, c200 = 1.5, title_weight =0.5, anchor_weight = 0,pr_weight = 0.2,pv_weight = 0.2"
Human Genome Project DNA mapping,1.9255449771881104,0.488,2025-01-26 17:13:44,"NO anchor BMtitle k=1.5, b = 0.4, text_weight, c200 = 1.5, title_weight =0.5, anchor_weight = 0,pr_weight = 0.6,pv_weight = 0.2"
Italian pasta varieties and recipes,1.7721691131591797,0.083,2025-01-26 17:13:44,"NO anchor BMtitle k=1.5, b = 0.4, text_weight, c200 = 1.5, title_weight =0.5, anchor_weight = 0,pr_weight = 0.6,pv_weight = 0.2"
Street food around the world,2.4561080932617188,0.092,2025-01-26 17:13:44,"NO anchor BMtitle k=1.5, b = 0.4, text_weight, c200 = 1.5, title_weight =0.5, anchor_weight = 0,pr_weight = 0.6,pv_weight = 0.2"
Surrealism art Salvador Dalí,2.457430839538574,0.351,2025-01-26 17:13:44,"NO anchor BMtitle k=1.5, b = 0.4, text_weight, c200 = 1.5, title_weight =0.5, anchor_weight = 0,pr_weight = 0.6,pv_weight = 0.2"
Mediterranean diet health benefits,1.844627857208252,0.25,2025-01-26 17:13:44,"NO anchor BMtitle k=1.5, b = 0.4, text_weight, c200 = 1.5, title_weight =0.5, anchor_weight = 0,pr_weight = 0.6,pv_weight = 0.2"
Civil Rights Movement 1960s protests,2.4681591987609863,0.138,2025-01-26 17:13:44,"NO anchor BMtitle k=1.5, b = 0.4, text_weight, c200 = 1.5, title_weight =0.5, anchor_weight = 0,pr_weight = 0.6,pv_weight = 0.2"
Manhattan Project atomic bomb,1.52846097946167,0.274,2025-01-26 17:13:44,"NO anchor BMtitle k=1.5, b = 0.4, text_weight, c200 = 1.5, title_weight =0.5, anchor_weight = 0,pr_weight = 0.6,pv_weight = 0.2"
Cheese types and production,1.8334038257598877,0.378,2025-01-26 17:13:44,"NO anchor BMtitle k=1.5, b = 0.4, text_weight, c200 = 1.5, title_weight =0.5, anchor_weight = 0,pr_weight = 0.6,pv_weight = 0.2"
Anime history Japan Studio Ghibli,1.8635649681091309,0.135,2025-01-26 17:13:44,"NO anchor BMtitle k=1.5, b = 0.4, text_weight, c200 = 1.5, title_weight =0.5, anchor_weight = 0,pr_weight = 0.6,pv_weight = 0.2"
Berlin Wall fall reunification,1.6367788314819336,0.081,2025-01-26 17:13:44,"NO anchor BMtitle k=1.5, b = 0.4, text_weight, c200 = 1.5, title_weight =0.5, anchor_weight = 0,pr_weight = 0.6,pv_weight = 0.2"
Sushi origins Japan,1.3194220066070557,0.139,2025-01-26 17:13:44,"NO anchor BMtitle k=1.5, b = 0.4, text_weight, c200 = 1.5, title_weight =0.5, anchor_weight = 0,pr_weight = 0.6,pv_weight = 0.2"
World War I causes consequences,2.692234992980957,0.0,2025-01-26 17:13:44,"NO anchor BMtitle k=1.5, b = 0.4, text_weight, c200 = 1.5, title_weight =0.5, anchor_weight = 0,pr_weight = 0.6,pv_weight = 0.2"
Higgs Boson discovery physics,1.6982510089874268,0.326,2025-01-26 17:13:44,"NO anchor BMtitle k=1.5, b = 0.4, text_weight, c200 = 1.5, title_weight =0.5, anchor_weight = 0,pr_weight = 0.6,pv_weight = 0.2"
Golden Age of Hollywood films,2.360366106033325,0.0,2025-01-26 17:13:44,"NO anchor BMtitle k=1.5, b = 0.4, text_weight, c200 = 1.5, title_weight =0.5, anchor_weight = 0,pr_weight = 0.6,pv_weight = 0.2"
Byzantine Empire Constantinople history,1.5182600021362305,0.552,2025-01-26 17:13:44,"NO anchor BMtitle k=1.5, b = 0.4, text_weight, c200 = 1.5, title_weight =0.5, anchor_weight = 0,pr_weight = 0.6,pv_weight = 0.2"
Turing Machine early computing,1.4821829795837402,0.277,2025-01-26 17:13:44,"NO anchor BMtitle k=1.5, b = 0.4, text_weight, c200 = 1.5, title_weight =0.5, anchor_weight = 0,pr_weight = 0.6,pv_weight = 0.2"
Theory of Relativity Einstein,1.2082092761993408,0.425,2025-01-26 17:13:44,"NO anchor BMtitle k=1.5, b = 0.4, text_weight, c200 = 1.5, title_weight =0.5, anchor_weight = 0,pr_weight = 0.6,pv_weight = 0.2"
Mobile phone technology evolution,1.4144370555877686,0.112,2025-01-26 17:13:44,"NO anchor BMtitle k=1.5, b = 0.4, text_weight, c200 = 1.5, title_weight =0.5, anchor_weight = 0,pr_weight = 0.6,pv_weight = 0.2"
History of chocolate production,1.0295360088348389,0.177,2025-01-26 17:13:44,"NO anchor BMtitle k=1.5, b = 0.4, text_weight, c200 = 1.5, title_weight =0.5, anchor_weight = 0,pr_weight = 0.6,pv_weight = 0.2"
Apollo 11 moon landing 1969,1.7303571701049805,0.114,2025-01-26 17:13:44,"NO anchor BMtitle k=1.5, b = 0.4, text_weight, c200 = 1.5, title_weight =0.5, anchor_weight = 0,pr_weight = 0.6,pv_weight = 0.2"
Gothic architecture medieval cathedrals,1.8375849723815918,0.604,2025-01-26 17:13:44,"NO anchor BMtitle k=1.5, b = 0.4, text_weight, c200 = 1.5, title_weight =0.5, anchor_weight = 0,pr_weight = 0.6,pv_weight = 0.2"
Russian Revolution 1917 Bolsheviks,1.6668741703033447,0.396,2025-01-26 17:13:44,"NO anchor BMtitle k=1.5, b = 0.4, text_weight, c200 = 1.5, title_weight =0.5, anchor_weight = 0,pr_weight = 0.6,pv_weight = 0.2"
Academy Awards history Oscars,2.633808135986328,0.626,2025-01-26 17:13:44,"NO anchor BMtitle k=1.5, b = 0.4, text_weight, c200 = 1.5, title_weight =0.5, anchor_weight = 0,pr_weight = 0.6,pv_weight = 0.2"
Fermentation food preservation techniques,1.3506770133972168,0.243,2025-01-26 17:13:44,"NO anchor BMtitle k=1.5, b = 0.4, text_weight, c200 = 1.5, title_weight =0.5, anchor_weight = 0,pr_weight = 0.6,pv_weight = 0.2"
History of pizza Italian cuisine,1.7123818397521973,0.538,2025-01-26 17:13:44,"NO anchor BMtitle k=1.5, b = 0.4, text_weight, c200 = 1.5, title_weight =0.5, anchor_weight = 0,pr_weight = 0.6,pv_weight = 0.2"
French cuisine traditional dishes,1.8443069458007812,0.224,2025-01-26 17:13:44,"NO anchor BMtitle k=1.5, b = 0.4, text_weight, c200 = 1.5, title_weight =0.5, anchor_weight = 0,pr_weight = 0.6,pv_weight = 0.2"
Endangered species conservation efforts,1.8392839431762695,0.302,2025-01-26 17:13:44,"NO anchor BMtitle k=1.5, b = 0.4, text_weight, c200 = 1.5, title_weight =0.5, anchor_weight = 0,pr_weight = 0.6,pv_weight = 0.2"
Greek mythology Western culture,1.7837607860565186,0.132,2025-01-26 17:13:44,"NO anchor BMtitle k=1.5, b = 0.4, text_weight, c200 = 1.5, title_weight =0.5, anchor_weight = 0,pr_weight = 0.6,pv_weight = 0.2"
Cold War proxy conflicts,1.8554890155792236,0.353,2025-01-26 17:13:44,"NO anchor BMtitle k=1.5, b = 0.4, text_weight, c200 = 1.5, title_weight =0.5, anchor_weight = 0,pr_weight = 0.6,pv_weight = 0.2"
Nelson Mandela apartheid biography,1.5798499584197998,0.231,2025-01-26 17:13:44,"NO anchor BMtitle k=1.5, b = 0.4, text_weight, c200 = 1.5, title_weight =0.5, anchor_weight = 0,pr_weight = 0.6,pv_weight = 0.2"
Human Genome Project DNA mapping,2.1536710262298584,0.488,2025-01-26 17:16:41,"NO anchor BMtitle k=1.5, b = 0.4, text_weight, c200 = 1.8, title_weight =0.5, anchor_weight = 0,pr_weight = 0.2,pv_weight = 0.4"
Italian pasta varieties and recipes,1.4968280792236328,0.083,2025-01-26 17:16:41,"NO anchor BMtitle k=1.5, b = 0.4, text_weight, c200 = 1.8, title_weight =0.5, anchor_weight = 0,pr_weight = 0.2,pv_weight = 0.4"
Street food around the world,2.3856661319732666,0.092,2025-01-26 17:16:41,"NO anchor BMtitle k=1.5, b = 0.4, text_weight, c200 = 1.8, title_weight =0.5, anchor_weight = 0,pr_weight = 0.2,pv_weight = 0.4"
Surrealism art Salvador Dalí,1.9515929222106934,0.351,2025-01-26 17:16:41,"NO anchor BMtitle k=1.5, b = 0.4, text_weight, c200 = 1.8, title_weight =0.5, anchor_weight = 0,pr_weight = 0.2,pv_weight = 0.4"
Mediterranean diet health benefits,1.388664722442627,0.224,2025-01-26 17:16:41,"NO anchor BMtitle k=1.5, b = 0.4, text_weight, c200 = 1.8, title_weight =0.5, anchor_weight = 0,pr_weight = 0.2,pv_weight = 0.4"
Civil Rights Movement 1960s protests,2.2508227825164795,0.138,2025-01-26 17:16:41,"NO anchor BMtitle k=1.5, b = 0.4, text_weight, c200 = 1.8, title_weight =0.5, anchor_weight = 0,pr_weight = 0.2,pv_weight = 0.4"
Manhattan Project atomic bomb,1.5799570083618164,0.31,2025-01-26 17:16:41,"NO anchor BMtitle k=1.5, b = 0.4, text_weight, c200 = 1.8, title_weight =0.5, anchor_weight = 0,pr_weight = 0.2,pv_weight = 0.4"
Cheese types and production,1.4820082187652588,0.449,2025-01-26 17:16:41,"NO anchor BMtitle k=1.5, b = 0.4, text_weight, c200 = 1.8, title_weight =0.5, anchor_weight = 0,pr_weight = 0.2,pv_weight = 0.4"
Anime history Japan Studio Ghibli,2.173311948776245,0.135,2025-01-26 17:16:41,"NO anchor BMtitle k=1.5, b = 0.4, text_weight, c200 = 1.8, title_weight =0.5, anchor_weight = 0,pr_weight = 0.2,pv_weight = 0.4"
Berlin Wall fall reunification,1.5981769561767578,0.081,2025-01-26 17:16:41,"NO anchor BMtitle k=1.5, b = 0.4, text_weight, c200 = 1.8, title_weight =0.5, anchor_weight = 0,pr_weight = 0.2,pv_weight = 0.4"
Sushi origins Japan,1.2744300365447998,0.139,2025-01-26 17:16:41,"NO anchor BMtitle k=1.5, b = 0.4, text_weight, c200 = 1.8, title_weight =0.5, anchor_weight = 0,pr_weight = 0.2,pv_weight = 0.4"
World War I causes consequences,2.641695022583008,0.112,2025-01-26 17:16:41,"NO anchor BMtitle k=1.5, b = 0.4, text_weight, c200 = 1.8, title_weight =0.5, anchor_weight = 0,pr_weight = 0.2,pv_weight = 0.4"
Higgs Boson discovery physics,1.3867249488830566,0.326,2025-01-26 17:16:41,"NO anchor BMtitle k=1.5, b = 0.4, text_weight, c200 = 1.8, title_weight =0.5, anchor_weight = 0,pr_weight = 0.2,pv_weight = 0.4"
Golden Age of Hollywood films,2.214062213897705,0.083,2025-01-26 17:16:41,"NO anchor BMtitle k=1.5, b = 0.4, text_weight, c200 = 1.8, title_weight =0.5, anchor_weight = 0,pr_weight = 0.2,pv_weight = 0.4"
Byzantine Empire Constantinople history,1.1375701427459717,0.504,2025-01-26 17:16:41,"NO anchor BMtitle k=1.5, b = 0.4, text_weight, c200 = 1.8, title_weight =0.5, anchor_weight = 0,pr_weight = 0.2,pv_weight = 0.4"
Turing Machine early computing,1.7492082118988037,0.306,2025-01-26 17:16:41,"NO anchor BMtitle k=1.5, b = 0.4, text_weight, c200 = 1.8, title_weight =0.5, anchor_weight = 0,pr_weight = 0.2,pv_weight = 0.4"
Theory of Relativity Einstein,1.3007440567016602,0.425,2025-01-26 17:16:41,"NO anchor BMtitle k=1.5, b = 0.4, text_weight, c200 = 1.8, title_weight =0.5, anchor_weight = 0,pr_weight = 0.2,pv_weight = 0.4"
Mobile phone technology evolution,1.3900012969970703,0.137,2025-01-26 17:16:41,"NO anchor BMtitle k=1.5, b = 0.4, text_weight, c200 = 1.8, title_weight =0.5, anchor_weight = 0,pr_weight = 0.2,pv_weight = 0.4"
History of chocolate production,0.9927551746368408,0.177,2025-01-26 17:16:41,"NO anchor BMtitle k=1.5, b = 0.4, text_weight, c200 = 1.8, title_weight =0.5, anchor_weight = 0,pr_weight = 0.2,pv_weight = 0.4"
Apollo 11 moon landing 1969,1.6661040782928467,0.114,2025-01-26 17:16:41,"NO anchor BMtitle k=1.5, b = 0.4, text_weight, c200 = 1.8, title_weight =0.5, anchor_weight = 0,pr_weight = 0.2,pv_weight = 0.4"
Gothic architecture medieval cathedrals,1.741715908050537,0.577,2025-01-26 17:16:41,"NO anchor BMtitle k=1.5, b = 0.4, text_weight, c200 = 1.8, title_weight =0.5, anchor_weight = 0,pr_weight = 0.2,pv_weight = 0.4"
Russian Revolution 1917 Bolsheviks,3.3375329971313477,0.366,2025-01-26 17:16:41,"NO anchor BMtitle k=1.5, b = 0.4, text_weight, c200 = 1.8, title_weight =0.5, anchor_weight = 0,pr_weight = 0.2,pv_weight = 0.4"
Academy Awards history Oscars,2.1586601734161377,0.724,2025-01-26 17:16:41,"NO anchor BMtitle k=1.5, b = 0.4, text_weight, c200 = 1.8, title_weight =0.5, anchor_weight = 0,pr_weight = 0.2,pv_weight = 0.4"
Fermentation food preservation techniques,1.375586748123169,0.243,2025-01-26 17:16:41,"NO anchor BMtitle k=1.5, b = 0.4, text_weight, c200 = 1.8, title_weight =0.5, anchor_weight = 0,pr_weight = 0.2,pv_weight = 0.4"
History of pizza Italian cuisine,1.2085270881652832,0.538,2025-01-26 17:16:41,"NO anchor BMtitle k=1.5, b = 0.4, text_weight, c200 = 1.8, title_weight =0.5, anchor_weight = 0,pr_weight = 0.2,pv_weight = 0.4"
French cuisine traditional dishes,1.5572211742401123,0.224,2025-01-26 17:16:41,"NO anchor BMtitle k=1.5, b = 0.4, text_weight, c200 = 1.8, title_weight =0.5, anchor_weight = 0,pr_weight = 0.2,pv_weight = 0.4"
Endangered species conservation efforts,1.7066218852996826,0.302,2025-01-26 17:16:41,"NO anchor BMtitle k=1.5, b = 0.4, text_weight, c200 = 1.8, title_weight =0.5, anchor_weight = 0,pr_weight = 0.2,pv_weight = 0.4"
Greek mythology Western culture,1.651259183883667,0.132,2025-01-26 17:16:41,"NO anchor BMtitle k=1.5, b = 0.4, text_weight, c200 = 1.8, title_weight =0.5, anchor_weight = 0,pr_weight = 0.2,pv_weight = 0.4"
Cold War proxy conflicts,1.8552501201629639,0.353,2025-01-26 17:16:41,"NO anchor BMtitle k=1.5, b = 0.4, text_weight, c200 = 1.8, title_weight =0.5, anchor_weight = 0,pr_weight = 0.2,pv_weight = 0.4"
Nelson Mandela apartheid biography,1.4570529460906982,0.179,2025-01-26 17:16:41,"NO anchor BMtitle k=1.5, b = 0.4, text_weight, c200 = 1.8, title_weight =0.5, anchor_weight = 0,pr_weight = 0.2,pv_weight = 0.4"
Human Genome Project DNA mapping,2.030164957046509,0.488,2025-01-26 17:19:20,"NO anchor BMtitle k=1.5, b = 0.4, text_weight, c200 = 1.8, title_weight =0.8, anchor_weight = 0,pr_weight = 0.2,pv_weight = 0.5"
Italian pasta varieties and recipes,1.7171778678894043,0.083,2025-01-26 17:19:20,"NO anchor BMtitle k=1.5, b = 0.4, text_weight, c200 = 1.8, title_weight =0.8, anchor_weight = 0,pr_weight = 0.2,pv_weight = 0.5"
Street food around the world,2.29827618598938,0.092,2025-01-26 17:19:20,"NO anchor BMtitle k=1.5, b = 0.4, text_weight, c200 = 1.8, title_weight =0.8, anchor_weight = 0,pr_weight = 0.2,pv_weight = 0.5"
Surrealism art Salvador Dalí,1.619668960571289,0.351,2025-01-26 17:19:20,"NO anchor BMtitle k=1.5, b = 0.4, text_weight, c200 = 1.8, title_weight =0.8, anchor_weight = 0,pr_weight = 0.2,pv_weight = 0.5"
Mediterranean diet health benefits,1.4149131774902344,0.25,2025-01-26 17:19:20,"NO anchor BMtitle k=1.5, b = 0.4, text_weight, c200 = 1.8, title_weight =0.8, anchor_weight = 0,pr_weight = 0.2,pv_weight = 0.5"
Civil Rights Movement 1960s protests,2.558100938796997,0.192,2025-01-26 17:19:20,"NO anchor BMtitle k=1.5, b = 0.4, text_weight, c200 = 1.8, title_weight =0.8, anchor_weight = 0,pr_weight = 0.2,pv_weight = 0.5"
Manhattan Project atomic bomb,1.3605151176452637,0.31,2025-01-26 17:19:20,"NO anchor BMtitle k=1.5, b = 0.4, text_weight, c200 = 1.8, title_weight =0.8, anchor_weight = 0,pr_weight = 0.2,pv_weight = 0.5"
Cheese types and production,1.279928207397461,0.392,2025-01-26 17:19:20,"NO anchor BMtitle k=1.5, b = 0.4, text_weight, c200 = 1.8, title_weight =0.8, anchor_weight = 0,pr_weight = 0.2,pv_weight = 0.5"
Anime history Japan Studio Ghibli,1.8945810794830322,0.143,2025-01-26 17:19:20,"NO anchor BMtitle k=1.5, b = 0.4, text_weight, c200 = 1.8, title_weight =0.8, anchor_weight = 0,pr_weight = 0.2,pv_weight = 0.5"
Berlin Wall fall reunification,1.6761679649353027,0.09,2025-01-26 17:19:20,"NO anchor BMtitle k=1.5, b = 0.4, text_weight, c200 = 1.8, title_weight =0.8, anchor_weight = 0,pr_weight = 0.2,pv_weight = 0.5"
Sushi origins Japan,1.2482388019561768,0.139,2025-01-26 17:19:20,"NO anchor BMtitle k=1.5, b = 0.4, text_weight, c200 = 1.8, title_weight =0.8, anchor_weight = 0,pr_weight = 0.2,pv_weight = 0.5"
World War I causes consequences,2.7752058506011963,0.165,2025-01-26 17:19:20,"NO anchor BMtitle k=1.5, b = 0.4, text_weight, c200 = 1.8, title_weight =0.8, anchor_weight = 0,pr_weight = 0.2,pv_weight = 0.5"
Higgs Boson discovery physics,1.5175349712371826,0.326,2025-01-26 17:19:20,"NO anchor BMtitle k=1.5, b = 0.4, text_weight, c200 = 1.8, title_weight =0.8, anchor_weight = 0,pr_weight = 0.2,pv_weight = 0.5"
Golden Age of Hollywood films,4.081387042999268,0.132,2025-01-26 17:19:20,"NO anchor BMtitle k=1.5, b = 0.4, text_weight, c200 = 1.8, title_weight =0.8, anchor_weight = 0,pr_weight = 0.2,pv_weight = 0.5"
Byzantine Empire Constantinople history,1.028980016708374,0.593,2025-01-26 17:19:20,"NO anchor BMtitle k=1.5, b = 0.4, text_weight, c200 = 1.8, title_weight =0.8, anchor_weight = 0,pr_weight = 0.2,pv_weight = 0.5"
Turing Machine early computing,1.9519999027252197,0.334,2025-01-26 17:19:20,"NO anchor BMtitle k=1.5, b = 0.4, text_weight, c200 = 1.8, title_weight =0.8, anchor_weight = 0,pr_weight = 0.2,pv_weight = 0.5"
Theory of Relativity Einstein,1.1423730850219727,0.39,2025-01-26 17:19:20,"NO anchor BMtitle k=1.5, b = 0.4, text_weight, c200 = 1.8, title_weight =0.8, anchor_weight = 0,pr_weight = 0.2,pv_weight = 0.5"
Mobile phone technology evolution,1.5689332485198975,0.175,2025-01-26 17:19:20,"NO anchor BMtitle k=1.5, b = 0.4, text_weight, c200 = 1.8, title_weight =0.8, anchor_weight = 0,pr_weight = 0.2,pv_weight = 0.5"
History of chocolate production,1.0794949531555176,0.177,2025-01-26 17:19:20,"NO anchor BMtitle k=1.5, b = 0.4, text_weight, c200 = 1.8, title_weight =0.8, anchor_weight = 0,pr_weight = 0.2,pv_weight = 0.5"
Apollo 11 moon landing 1969,1.7152230739593506,0.16,2025-01-26 17:19:20,"NO anchor BMtitle k=1.5, b = 0.4, text_weight, c200 = 1.8, title_weight =0.8, anchor_weight = 0,pr_weight = 0.2,pv_weight = 0.5"
Gothic architecture medieval cathedrals,1.3546597957611084,0.629,2025-01-26 17:19:20,"NO anchor BMtitle k=1.5, b = 0.4, text_weight, c200 = 1.8, title_weight =0.8, anchor_weight = 0,pr_weight = 0.2,pv_weight = 0.5"
Russian Revolution 1917 Bolsheviks,1.5593910217285156,0.396,2025-01-26 17:19:20,"NO anchor BMtitle k=1.5, b = 0.4, text_weight, c200 = 1.8, title_weight =0.8, anchor_weight = 0,pr_weight = 0.2,pv_weight = 0.5"
Academy Awards history Oscars,2.2771549224853516,0.745,2025-01-26 17:19:20,"NO anchor BMtitle k=1.5, b = 0.4, text_weight, c200 = 1.8, title_weight =0.8, anchor_weight = 0,pr_weight = 0.2,pv_weight = 0.5"
Fermentation food preservation techniques,1.3349361419677734,0.255,2025-01-26 17:19:20,"NO anchor BMtitle k=1.5, b = 0.4, text_weight, c200 = 1.8, title_weight =0.8, anchor_weight = 0,pr_weight = 0.2,pv_weight = 0.5"
History of pizza Italian cuisine,1.2984411716461182,0.538,2025-01-26 17:19:20,"NO anchor BMtitle k=1.5, b = 0.4, text_weight, c200 = 1.8, title_weight =0.8, anchor_weight = 0,pr_weight = 0.2,pv_weight = 0.5"
French cuisine traditional dishes,1.9299511909484863,0.224,2025-01-26 17:19:20,"NO anchor BMtitle k=1.5, b = 0.4, text_weight, c200 = 1.8, title_weight =0.8, anchor_weight = 0,pr_weight = 0.2,pv_weight = 0.5"
Endangered species conservation efforts,1.6534740924835205,0.302,2025-01-26 17:19:20,"NO anchor BMtitle k=1.5, b = 0.4, text_weight, c200 = 1.8, title_weight =0.8, anchor_weight = 0,pr_weight = 0.2,pv_weight = 0.5"
Greek mythology Western culture,3.44028902053833,0.25,2025-01-26 17:19:20,"NO anchor BMtitle k=1.5, b = 0.4, text_weight, c200 = 1.8, title_weight =0.8, anchor_weight = 0,pr_weight = 0.2,pv_weight = 0.5"
Cold War proxy conflicts,1.7876358032226562,0.387,2025-01-26 17:19:20,"NO anchor BMtitle k=1.5, b = 0.4, text_weight, c200 = 1.8, title_weight =0.8, anchor_weight = 0,pr_weight = 0.2,pv_weight = 0.5"
Nelson Mandela apartheid biography,1.3222053050994873,0.231,2025-01-26 17:19:20,"NO anchor BMtitle k=1.5, b = 0.4, text_weight, c200 = 1.8, title_weight =0.8, anchor_weight = 0,pr_weight = 0.2,pv_weight = 0.5"
